
INSERT INTO article (id, paper_title, year, venue) VALUES
(0, 'OQL[C++]: Extending C++ with an Object Query Capability.', 1995, 'Modern Database Systems'),
(1, 'Overview of the Iris DBMS.', 1989, 'Object-Oriented Concepts, Databases, and Applications'),
(2, 'Foundations of Databases.', 1995, NULL),
(3, 'The Java Programming Language', 1996, NULL),
(4, 'Algorithms, 2nd Edition', 1988, NULL),
(5, 'Modern Information Retrieval', 1999, NULL),
(6, 'TCP/IP Illustrated, Volume 1: The Protocols', 1994, NULL),
(7, 'The Relational Model for Database Management, Version 2', 1990, NULL),
(8, 'Java Platform Performance - Strategies and Tactics', 2000, NULL),
(9, 'An Introduction to Database Systems', 1975, NULL),
(10, 'An Introduction to Database Systems, 3rd Edition', 1981, NULL),
(11, 'Cryptography and Data Security', 1982, NULL),
(12, 'Smalltalk-80: The Language and Its Implementation.', 1983, NULL),
(13, 'Introduction to Expert Systems, 2nd Edition.', 1990, NULL),
(14, 'Introduction to Expert Systems, 3rd Edition.', 1999, NULL),
(15, 'Inside the C++ Object Model', 1996, NULL),
(16, 'Web Caching and Replication', 2001, NULL),
(17, 'Fundamentals of Database Systems, 2nd Edition.', 1994, NULL);

INSERT INTO author (id, name, institute) VALUES
(0, 'Jos├й A. Blakeley', NULL),
(1, 'Daniel H. Fishman', NULL),
(2, 'Jurgen Annevelink', NULL),
(3, 'David Beech', NULL),
(4, 'E. C. Chow', NULL),
(5, 'Tim Connors', NULL),
(6, 'J. W. Davis', NULL),
(7, 'Waqar Hasan', NULL),
(8, 'C. G. Hoch', NULL),
(9, 'William Kent', NULL),
(10, 'S. Leichner', NULL),
(11, 'Peter Lyngb├жk', NULL),
(12, 'Brom Mahbod', NULL),
(13, 'Marie-Anne Neimat', NULL),
(14, 'Tore Risch', NULL),
(15, 'Ming-Chien Shan', NULL),
(16, 'W. Kevin Wilkinson', NULL),
(17, 'Serge Abiteboul', NULL),
(18, 'Richard Hull', NULL),
(19, 'Victor Vianu', NULL),
(20, 'Ken Arnold', NULL),
(21, 'James Gosling', NULL),
(22, 'Robert Sedgewick', NULL),
(23, 'Ricardo A. Baeza-Yates', NULL),
(24, 'Berthier A. Ribeiro-Neto', NULL),
(25, 'W. Richard Stevens', NULL),
(26, 'E. F. Codd', NULL),
(27, 'Steve Wilson', NULL),
(28, 'Jeff Kesselman', NULL),
(29, 'C. J. Date', NULL),
(30, 'Dorothy E. Denning', NULL),
(31, 'Adele Goldberg', NULL),
(32, 'David Robson', NULL),
(33, 'Peter Jackson', NULL),
(34, 'Stanley B. Lippman', NULL),
(35, 'Michael Rabinovich', NULL),
(36, 'Oliver Spatscheck', NULL),
(37, 'Ramez Elmasri', NULL),
(38, 'Shamkant B. Navathe', NULL);

INSERT INTO article_author (article_id, author_id) VALUES
(0, 0),
(1, 1),
(1, 2),
(1, 3),
(1, 4),
(1, 5),
(1, 6),
(1, 7),
(1, 8),
(1, 9),
(1, 10),
(1, 11),
(1, 12),
(1, 13),
(1, 14),
(1, 15),
(1, 16),
(2, 17),
(2, 18),
(2, 19),
(3, 20),
(3, 21),
(4, 22),
(5, 23),
(5, 24),
(6, 25),
(7, 26),
(8, 27),
(8, 28),
(9, 29),
(10, 29),
(11, 30),
(12, 31),
(12, 32),
(13, 33),
(14, 33),
(15, 34),
(16, 35),
(16, 36),
(16, 29),
(17, 37),
(17, 38),
(17, 29);

INSERT INTO keyword (id, tag) VALUES
(0, 'database'),
(1, 'databases'),
(2, 'systems'),
(3, 'research'),
(4, 'researcher'),
(5, 'ai'),
(6, 'techniques'),
(7, 'data retrieval'),
(8, 'middot'),
(9, 'developments'),
(10, 'developed'),
(11, 'developer'),
(12, 'elisa'),
(13, 'international'),
(14, 'internationally'),
(15, 'files'),
(16, 'file'),
(17, 'simulation'),
(18, 'simulated'),
(19, 'response'),
(20, 'enormous increase'),
(21, 'tcp'),
(22, 'diagnostic'),
(23, 'establishment'),
(24, 'understanding'),
(25, 'theoretical'),
(26, 'contain'),
(27, 'relational'),
(28, 'relations'),
(29, 'firstorder predicate'),
(30, 'performance'),
(31, 'java'),
(32, 'developing'),
(33, 'development'),
(34, 'object'),
(35, 'objects'),
(36, 'specific'),
(37, 'swing'),
(38, 'battle techniques'),
(39, 'efficiently'),
(40, 'efficiency'),
(41, 'algorithms'),
(42, 'high'),
(43, 'building'),
(44, 'strong'),
(45, 'knowledge'),
(46, 'concepts'),
(47, 'readers'),
(48, 'working'),
(49, 'structure'),
(50, 'practical data'),
(51, 'key'),
(52, 'new'),
(53, 'experimental'),
(54, 'electronic'),
(55, 'security'),
(56, 'parts'),
(57, 'major'),
(58, 'virtual'),
(59, 'areas'),
(60, 'basic topics'),
(61, 'new topic'),
(62, 'related'),
(63, 'application'),
(64, 'programming'),
(65, 'programs'),
(66, 'program behavior'),
(67, 'examples'),
(68, 'implementation'),
(69, 'underlying'),
(70, 'load practices'),
(71, 'technical'),
(72, 'applications'),
(73, 'models'),
(74, 'modeling'),
(75, 'data'),
(76, 'relational model'),
(77, 'broad');

INSERT INTO article_keyword (article_id, keyword_id) VALUES
(0, 0),
(0, 1),
(0, 2),
(0, 3),
(0, 4),
(0, 5),
(0, 6),
(0, 7),
(0, 8),
(0, 9),
(0, 10),
(0, 11),
(0, 12),
(0, 13),
(0, 14),
(2, 15),
(2, 16),
(2, 17),
(2, 18),
(2, 19),
(5, 20),
(6, 21),
(6, 22),
(6, 23),
(6, 24),
(7, 25),
(7, 26),
(7, 27),
(7, 28),
(7, 29),
(8, 30),
(8, 31),
(8, 32),
(8, 33),
(8, 34),
(8, 35),
(8, 36),
(8, 37),
(8, 38),
(8, 39),
(8, 40),
(8, 41),
(8, 42),
(8, 43),
(9, 44),
(9, 45),
(9, 46),
(10, 47),
(10, 0),
(10, 48),
(10, 49),
(11, 50),
(11, 51),
(11, 52),
(11, 53),
(11, 54),
(11, 9),
(11, 10),
(11, 2),
(11, 55),
(12, 56),
(12, 57),
(12, 58),
(13, 59),
(13, 60),
(13, 61),
(13, 62),
(13, 63),
(14, 59),
(14, 60),
(14, 61),
(14, 62),
(14, 63),
(15, 64),
(15, 65),
(15, 66),
(15, 34),
(15, 67),
(15, 68),
(15, 69),
(16, 70),
(16, 71),
(17, 0),
(17, 1),
(17, 63),
(17, 72),
(17, 73),
(17, 74),
(17, 75),
(17, 76),
(17, 77),
(17, 34),
(17, 33),
(17, 9),
(17, 2);

INSERT INTO cite (from_id, to_id) VALUES
(2, 1),
(2, 0),
(2, 5),
(2, 17),
(5, 1),
(8, 1),
(8, 11),
(8, 12),
(8, 14),
(16, 17),
(17, 1),
(17, 2),
(17, 3),
(17, 5),
(17, 6);
